"user";"items";"recommendations"
"3258";"[19278]";"[393111, 79955, 157121, 17379, 433697, 173223, 245810, 371390, 14427, 11670, 29167, 148478, 442150, 236512, 375150, 393142, 445059, 158912, 212917, 126623, 149253, 36117, 2416, 185167, 431632]"
"6468";"[289096]";"[334947, 270938, 404615, 409770, 67154, 382130, 388673, 248327, 446705, 358482, 265966, 101718, 162139, 27494, 339808, 85334, 2641, 246825, 459475, 156552, 380438, 33993, 394518, 143860, 168927]"
"6699";"[73602]";"[204209, 247862, 144704, 60980, 414654, 442131, 29741, 214757, 283766, 251130, 200527, 462070, 277119, 261940, 372845, 369112, 234493, 348677, 187934, 406543, 50745, 458919, 148855, 187992, 26634]"
"11209";"[272649]";"[396281, 211451, 78494, 387504, 445459, 297931, 34269, 433543, 167827, 390167, 88098, 60330, 197455, 295537, 240558, 175610, 461520, 449118, 225329, 291964, 239774, 4067, 193518, 214617, 188390]"
"11248";"[29196]";"[315543, 34220, 282385, 114070, 419761, 282820, 282064, 16813, 439963, 258901, 283115, 316472, 150547, 280342, 266439, 432152, 422671, 223491, 253156, 285412, 2463, 328185, 181315, 333792, 422905]"
"17476";"[4553]";"[26900, 90897, 134108, 270938, 334947, 404615, 67154, 409770, 388673, 248327, 358482, 446705, 265966, 101718, 27494, 162139, 108343, 96375, 85334, 339808, 369158, 402462, 2641, 143860, 243795]"
"17676";"[188051, 441852, 69917, 237952, 341701]";"[224481, 214461, 315309, 308438, 109583, 266900, 450835, 130709, 272455, 136471, 379739, 360922, 307588, 133247, 265113, 116624, 250942, 322489, 29196, 130815, 377981, 400077, 333566, 239006, 367726]"
"39480";"[150547]";"[446102, 195809, 326609, 341578, 165348, 373842, 289915, 285637, 158575, 31591, 174185, 76815, 204023, 311405, 51275, 466114, 210279, 19135, 77573, 228287, 277247, 424245, 349318, 303870, 246555]"
"42552";"[302569]";"[60159, 350270, 49405, 314801, 234215, 277247, 123995, 445447, 45089, 38083, 92361, 76060, 272649, 174489, 126307, 330035, 121955, 331514, 444190, 109116, 98547, 400442, 62275, 151178, 281480]"
"48820";"[447067, 10572, 382130]";"[35608, 218794, 124081, 215355, 213172, 40630, 266965, 28072, 10572, 108924, 442300, 63406, 431940, 32581, 447067, 13188, 442721, 422376, 101156, 44329, 192043, 333039, 445258, 322892, 250375]"
"53842";"[291877, 305503, 220797, 320130, 369447, 293808]";"[282820, 282064, 374272, 157217, 321722, 162375, 288340, 439424, 25865, 435047, 417594, 446934, 357978, 361945, 351125, 32227, 254406, 43831, 133332, 244525, 331159, 128296, 100188, 255908, 160272]"
"54535";"[116481]";"[54558, 421702, 240160, 308283, 248063, 197561, 206930, 256706, 32313, 12836, 131745, 122931, 279656, 405380, 45175, 327424, 164035, 248605, 340960, 242007, 236158, 110645, 2455, 431216, 31791]"
"57905";"[62275, 151178, 178274]";"[422425, 4887, 359040, 378845, 146735, 63975, 138434, 303828, 312717, 190463, 165337, 430292, 331510, 213695, 305588, 29791, 399053, 449489, 92466, 165267, 154912, 46232, 259962, 432478, 98899]"
"72302";"[239564]";"[239564, 323381, 216271, 76196, 340794, 377691, 398489, 336359, 210524, 271896, 15587, 456005, 226940, 325256, 187359, 357541, 208939, 390199, 117438, 302242, 314990, 84321, 274435, 59765, 14671]"
"75424";"[31591]";"[145721, 151385, 165348, 285637, 373842, 158575, 31591, 174185, 29757, 234215, 76815, 51275, 204023, 311405, 289915, 236000, 297765, 210279, 19135, 349318, 466114, 228287, 77573, 424245, 447848]"
"76757";"[151178, 420960, 448453, 23762, 421606, 346673, 320970, 46156]";"[237422, 442150, 417912, 402455, 192251, 359910, 378845, 362340, 439726, 216266, 76196, 422425, 4887, 360487, 211207, 146735, 339517, 154955, 36370, 463280, 150215, 71754, 134108, 26900, 352258]"
"77215";"[154638]";"[408737, 157743, 180684, 461180, 328185, 181315, 333792, 422905, 14520, 96233, 432152, 84310, 273818, 324079, 29863, 24418, 320970, 445232, 237244, 285412, 422671, 223491, 404264, 150547, 88904]"
"79743";"[213834]";"[9975, 317816, 421606, 240248, 346892, 152644, 127123, 218746, 277833, 150376, 110720, 302569, 213834, 170390, 28789, 346088, 349318, 132633, 259357, 46130, 122449, 422494, 284414, 289103, 307117]"
"94030";"[439726]";"[358482, 265966, 446705, 248327, 27494, 388673, 162139, 85334, 409770, 67154, 404615, 270938, 334947, 382130, 339808, 108343, 2641, 65273, 246825, 380438, 33993, 394518, 168927, 210137, 226327]"
"109357";"[140527, 263501]";"[23912, 410587, 187138, 284045, 37254, 139515, 15358, 4067, 303058, 380971, 85771, 141240, 148707, 88098, 197455, 60330, 287696, 436034, 366734, 316472, 172606, 443875, 79801, 240558, 18717]"
"113137";"[122449]";"[122449, 233132, 33912, 289103, 411934, 319900, 360922, 314990, 108924, 40630, 213172, 215355, 35608, 461686, 431940, 124081, 425159, 171878, 357529, 442300, 125275, 266965, 218794, 10572, 28072]"
"119389";"[288525]";"[211451, 396281, 78494, 131609, 34269, 433543, 88098, 60330, 197455, 295537, 240558, 239774, 461520, 449118, 225329, 291964, 4067, 193518, 450950, 188390, 214617, 247601, 199026, 272152, 375955]"
"120699";"[213834]";"[206241, 293808, 58846, 259078, 449559, 1022, 40140, 69917, 217278, 232406, 69783, 213423, 425758, 146797, 132600, 358348, 386636, 368841, 439194, 94437, 147879, 441668, 284648, 412981, 350525]"
"127452";"[121835]";"[69917, 36370, 436115, 309438, 247862, 350525, 442131, 222285, 69783, 402462, 1022, 425758, 146797, 358348, 386636, 132600, 232406, 449559, 293808, 147879, 58846, 96375, 178274, 271930, 247240]"
"135719";"[420960]";"[34355, 260257, 337327, 130815, 122219, 357583, 379520, 324833, 139346, 5043, 98807, 263188, 432171, 272455, 400673, 119107, 379739, 136471, 133247, 266900, 355994, 133907, 71733, 360922, 464731]"
"138131";"[14932, 161911, 441415, 186702, 300670, 283916, 268883, 191640, 458608, 390934, 369933, 448453, 69533, 377286, 379493, 244458, 119736, 267010, 336359]";"[309557, 15466, 158575, 31591, 285637, 446102, 154955, 288887, 379796, 294424, 439726, 216266, 234215, 65633, 34355, 326609, 341578, 195809, 22436, 81944, 123995, 145721, 196484, 151385, 271930]"
"144513";"[187992]";"[84321, 357541, 117438, 208939, 325256, 187359, 390199, 274435, 130221, 352258, 302242, 369447, 226940, 211207, 360487, 420549, 111530, 239564, 188148, 176669, 396732, 192138, 59004, 82340, 388318]"
"146698";"[357978]";"[217278, 69783, 147879, 232406, 146797, 358348, 425758, 132600, 386636, 439194, 37068, 13280, 436115, 322619, 168927, 4001, 260621, 161623, 5675, 303828, 113233, 443344, 446542, 264297, 223003]"
"152963";"[214757, 90487, 55955, 546, 114913, 461614, 191203, 190000, 438484, 358348, 176869, 89871, 289103, 411934, 29863, 247601, 187934, 174489, 43590, 260194]";"[296795, 46924, 441852, 256164, 178358, 73852, 320185, 372169, 368360, 374272, 388318, 18717, 154955, 69917, 23250, 366734, 246825, 18252, 415833, 274051, 76196, 79801, 172606, 443875, 272649]"
"153118";"[446411]";"[240248, 346892, 421606, 317816, 9975, 277833, 434289, 127123, 152644, 302569, 218746, 150376, 110720, 170390, 346088, 445351, 259357, 28789, 349318, 132633, 46130, 289103, 122449, 422494, 233132]"
"154919";"[108924]";"[445258, 422376, 442300, 333039, 10572, 108924, 322892, 447067, 28072, 63406, 459319, 13188, 101156, 357529, 218794, 266965, 125275, 32581, 192043, 171878, 425159, 35608, 124081, 442721, 215355]"
"163049";"[38965]";"[166122, 436694, 99187, 104634, 325508, 1152, 283579, 41295, 65021, 87513, 303833, 440066, 8122, 390380, 372568, 9385, 344446, 174815, 31098, 62737, 450641, 56441, 458608, 126557, 310944]"
"163561";"[257412, 444593, 452361, 198209, 344071, 224614]";"[343151, 218126, 64377, 141240, 60479, 165876, 410587, 216266, 399069, 321722, 162375, 286962, 121865, 367726, 211299, 157217, 148707, 154955, 381613, 134108, 256146, 26900, 37403, 90897, 65633]"
"165843";"[445351]";"[240248, 346892, 421606, 317816, 9975, 277833, 434289, 127123, 152644, 302569, 218746, 150376, 110720, 170390, 346088, 445351, 259357, 28789, 349318, 132633, 46130, 289103, 122449, 422494, 233132]"
"166590";"[380971]";"[216266, 154955, 309778, 243171, 318333, 442837, 144704, 43590, 60980, 414654, 176995, 143418, 39773, 287467, 177636, 143643, 14932, 180009, 360790, 361777, 145197, 271823, 173253, 99907, 421884]"
"169486";"[213834]";"[267010, 26284, 53636, 166100, 70929, 345694, 280375, 34320, 120990, 130226, 385520, 281854, 81434, 328298, 364875, 458271, 11311, 444899, 242521, 123175, 191973, 85579, 266024, 177695, 168224]"
"171376";"[213834]";"[150376, 110720, 127123, 317816, 9975, 240248, 421606, 346892, 152644, 277833, 434289, 302569, 170390, 213834, 28789, 346088, 349318, 132633, 259357, 122449, 422494, 46130, 284414, 307117, 33912]"
"173863";"[446411, 320130, 218126, 174489, 32581]";"[367490, 289103, 319900, 411934, 40630, 213172, 215355, 108924, 35608, 124081, 425159, 171878, 218794, 357529, 125275, 266965, 13188, 442300, 459319, 63406, 10572, 431940, 447067, 28072, 422376]"
"174972";"[36370]";"[268883, 464731, 439424, 456056, 400442, 162662, 275294, 411575, 62275, 121955, 174489, 126307, 330035, 357583, 379520, 444190, 324833, 139346, 331514, 98807, 98547, 81104, 5043, 447848, 76060]"
"177211";"[348326]";"[245168, 296795, 46924, 441852, 178358, 176995, 256164, 138661, 433305, 322717, 236158, 206930, 76121, 421702, 248063, 197561, 308283, 54558, 240160, 34278, 242007, 431216, 198921, 110645, 318697]"
"185790";"[131118]";"[130113, 294424, 289633, 119107, 400673, 432171, 263188, 5043, 324833, 139346, 379520, 357583, 98807, 172894, 122219, 133907, 71733, 380971, 85771, 254290, 156466, 424421, 15358, 288418, 407078]"
"191477";"[461686]";"[125275, 357529, 171878, 425159, 124081, 28072, 35608, 218794, 215355, 10572, 40630, 213172, 108924, 442300, 32581, 431940, 63406, 459319, 447067, 101156, 13188, 442721, 422376, 333039, 44329]"
"191886";"[213834]";"[346088, 259357, 213834, 456912, 289103, 15587, 124193, 132126, 203728, 382674, 259189, 177257, 181973, 306045, 436004, 240248, 346892, 421606, 317816, 400093, 9975, 434289, 277833, 127123, 152644]"
"195721";"[332721]";"[247862, 43590, 439726, 51354, 214757, 462070, 283766, 200527, 251130, 277119, 261940, 372845, 416187, 332224, 29741, 249207, 331980, 369112, 234493, 69533, 128569, 290003, 281717, 150882, 105334]"
"198153";"[51483]";"[177695, 370442, 380438, 33993, 61840, 293587, 96027, 35403, 372252, 33907, 346067, 312163, 57788, 156552, 253615, 238766, 199417, 120990, 331644, 458271, 34320, 323084, 166100, 267010, 53636]"
"198270";"[357650, 303573, 405380, 128296, 220066, 158912]";"[314124, 330469, 359439, 336131, 60159, 350270, 216241, 49405, 297765, 234215, 123995, 38083, 156552, 272649, 281480, 52212, 192569, 134108, 37403, 90897, 26900, 199394, 96375, 22436, 341578]"
"203490";"[40630]";"[40630, 213172, 215355, 35608, 124081, 108924, 425159, 218794, 171878, 357529, 125275, 266965, 431940, 10572, 442300, 13188, 459319, 32581, 28072, 63406, 447067, 442721, 422376, 44329, 192043]"
"207663";"[120098]";"[192288, 108618, 410587, 256146, 303058, 187138, 377888, 287696, 206218, 159822, 227311, 23912, 16063, 427541, 55955, 141240, 390582, 183511, 277139, 232172, 400946, 165876, 60479, 131118, 153889]"
"209918";"[369447]";"[305588, 213695, 331510, 430292, 165337, 399053, 165267, 154912, 342777, 138434, 29791, 190463, 46232, 132068, 272969, 176484, 98899, 312717, 220920, 418560, 221614, 449489, 432478, 183087, 303828]"
"209964";"[96375]";"[213172, 40630, 35608, 124081, 425159, 171878, 357529, 218794, 125275, 266965, 108924, 10572, 28072, 431940, 442300, 32581, 63406, 459319, 447067, 13188, 461686, 442721, 422376, 101156, 44329]"
"210644";"[284414]";"[284414, 309438, 28789, 349318, 110403, 96375, 308438, 176484, 272969, 132068, 360922, 315309, 214461, 272455, 136471, 379739, 266900, 307588, 90897, 26900, 37403, 302569, 134108, 224481, 220920]"
"214479";"[122604]";"[325508, 436694, 104634, 99187, 166122, 215051, 283579, 41295, 65021, 303833, 450641, 64881, 31098, 440066, 87513, 344446, 9385, 310944, 8122, 56441, 372568, 126557, 390380, 458608, 62737]"
"218648";"[48030]";"[127722, 247698, 103776, 463280, 145730, 390799, 362340, 303573, 151471, 138834, 444593, 225028, 388536, 42146, 424186, 290999, 444363, 102471, 257655, 376974, 95447, 442871, 85377, 365758, 176162]"
"218828";"[425758]";"[258901, 158194, 253156, 324079, 84310, 445232, 273818, 24418, 320970, 237244, 29863, 223491, 328185, 333792, 181315, 422905, 14520, 180684, 157743, 461180, 408737, 285412, 2463, 422671, 432152]"
"219788";"[165876]";"[21815, 175859, 446196, 184505, 421943, 337161, 44631, 461614, 183511, 188148, 377888, 66424, 51483, 390582, 274435, 227311, 427541, 16063, 55955, 130221, 194044, 198209, 84643, 369447, 84321]"
"227091";"[386636]";"[51969, 27537, 382499, 102925, 251751, 221980, 14387, 79484, 456912, 13398, 205111, 95426, 308967, 149767, 87915, 150215, 378845, 257412, 348352, 192138, 396732, 4887, 422425, 449559, 1022]"
"227926";"[257308]";"[449391, 40140, 213829, 325215, 235946, 384157, 367514, 175914, 78268, 348326, 54698, 89901, 260621, 444365, 199408, 122604, 192569, 416017, 291609, 199394, 149767, 308967, 337161, 421943, 184505]"
"233297";"[445351]";"[240248, 346892, 421606, 317816, 9975, 277833, 434289, 127123, 152644, 302569, 218746, 150376, 110720, 170390, 346088, 445351, 259357, 28789, 349318, 132633, 46130, 289103, 122449, 422494, 233132]"
"237865";"[381613]";"[401765, 153830, 42874, 28161, 275580, 16370, 153666, 66405, 22568, 22969, 124065, 445105, 267236, 69868, 250019, 394052, 146325, 121595, 176363, 61303, 275625, 435160, 377960, 317192, 276559]"
"240998";"[29879, 309438]";"[134108, 96375, 309438, 216266, 113440, 136471, 379739, 272455, 130815, 110403, 266900, 307588, 271930, 247240, 178274, 360922, 308438, 222285, 98547, 126307, 174489, 330035, 121955, 331514, 444190]"
"244123";"[3656, 411858]";"[444991, 202983, 358485, 295449, 444363, 194562, 114913, 247698, 341701, 446820, 274051, 415833, 194044, 198209, 84643, 312163, 127722, 353111, 59004, 287449, 253615, 238766, 365758, 85377, 33907]"
"244853";"[194562]";"[233734, 220797, 169213, 149382, 77733, 235971, 403564, 253286, 78729, 428891, 244027, 204494, 294242, 342530, 258148, 325652, 463617, 161623, 155485, 90931, 90487, 289096, 121680, 162745, 236000]"
"247235";"[212917, 56441, 282385, 368403, 342264, 278059, 131745, 170390, 373842]";"[346673, 459480, 4553, 298135, 339070, 379493, 234414, 257412, 159813, 133247, 113615, 156152, 89688, 154638, 103776, 303058, 381613, 150700, 148707, 51969, 359040, 128296, 204023, 51275, 311405]"
"248679";"[175859, 324290, 12217, 119736, 340960]";"[175859, 445681, 392583, 21815, 377888, 390582, 227311, 427541, 16063, 55955, 66424, 260621, 272907, 51483, 220066, 308967, 149767, 192288, 159822, 272649, 155485, 206218, 207430, 427229, 73602]"
"253109";"[211592]";"[1022, 449559, 359910, 446411, 350525, 194562, 20918, 114913, 358485, 110403, 293808, 58846, 274051, 415833, 309438, 134118, 40140, 13280, 439194, 302587, 69783, 36370, 232406, 146797, 425758]"
"255918";"[92361]";"[303161, 146325, 367514, 213829, 384157, 235946, 444365, 348326, 89901, 78268, 199408, 54698, 175914, 61303, 325215, 276559, 22969, 22568, 153666, 104116, 124065, 66405, 153830, 401765, 121595]"
"259278";"[319855]";"[276886, 131861, 296749, 262297, 262699, 145730, 424186, 138834, 103776, 388536, 225028, 444593, 151471, 303573, 390799, 372169, 82340, 426947, 192138, 396732, 111530, 320130, 87915, 95447, 376974]"
"261238";"[193518]";"[23055, 349470, 16344, 303229, 109308, 395273, 153874, 379953, 129279, 95933, 92814, 178355, 465951, 191203, 246532, 324707, 81104, 81453, 168111, 103492, 375332, 316753, 301843, 56303, 66737]"
"262357";"[9877]";"[434814, 193488, 123541, 237019, 38965, 222196, 197422, 140527, 30024, 450726, 334094, 103156, 187934, 437371, 348677, 257200, 458919, 249079, 17766, 216508, 50745, 324290, 406543, 319855, 187992]"
"268155";"[307981]";"[121680, 428891, 445447, 45089, 235971, 220797, 77733, 169213, 149382, 233734, 199018, 360825, 216556, 78729, 10516, 253286, 396853, 403564, 244027, 192138, 396732, 82340, 87915, 137440, 279585]"
"268428";"[192288]";"[131118, 260415, 181672, 153889, 229928, 300670, 400946, 18717, 79801, 172606, 443875, 368360, 366734, 50934, 303058, 15358, 187138, 380971, 85771, 23912, 256146, 287696, 192288, 273872, 264297]"
"269127";"[83569]";"[187138, 303058, 193488, 400946, 23912, 148707, 232172, 371008, 131118, 229928, 300670, 153889, 260415, 181672, 172606, 79801, 443875, 18717, 410587, 15358, 368360, 366734, 159822, 380971, 85771]"
"273406";"[124065]";"[141240, 193488, 187138, 287696, 23912, 148707, 284045, 139515, 37254, 99907, 343151, 281103, 64377, 218126, 173253, 361777, 360790, 145197, 180009, 271823, 143643, 177636, 287467, 14932, 60479]"
"279406";"[314124]";"[135004, 271896, 150809, 398489, 377691, 340794, 216271, 314990, 15587, 456005, 323381, 210524, 76196, 100282, 239564, 138427, 247862, 48030, 79956, 420943, 192251, 368260, 43590, 26210, 51354]"
"282887";"[441852]";"[135311, 253500, 188051, 424245, 375332, 287356, 101288, 466114, 77573, 228287, 210279, 19135, 411280, 353111, 238766, 253615, 393562, 217605, 9877, 312163, 360964, 346067, 61840, 293587, 96027]"
"286616";"[268081, 165267, 203728, 70929, 310944, 271930, 318333]";"[165267, 154912, 312717, 98899, 132068, 272969, 176484, 220920, 359040, 205111, 95426, 150215, 156152, 113615, 89688, 154638, 422425, 63975, 4887, 146735, 378845, 132633, 307117, 284414, 338395]"
"287007";"[342816]";"[417059, 118752, 284648, 441668, 249079, 216508, 458919, 324290, 319855, 187992, 148855, 50745, 26634, 440912, 116481, 17766, 406543, 334094, 30024, 450726, 348677, 103156, 412981, 257200, 187934]"
"289019";"[287467]";"[360790, 145197, 177636, 287467, 14932, 143643, 361777, 173253, 271823, 143418, 421884, 343151, 218126, 64377, 99907, 281103, 141240, 165876, 60479, 120098, 37254, 284045, 139515, 79097, 410587]"
"303381";"[312728, 334401]";"[175914, 325215, 54698, 199394, 192569, 284080, 410355, 291609, 390857, 274051, 415833, 65633, 142240, 79484, 341701, 216241, 271685, 453192, 36370, 251751, 102925, 221980, 20918, 446542, 14387]"
"316850";"[237244, 267236]";"[312163, 110403, 466114, 151385, 145721, 77573, 228287, 210279, 19135, 253615, 238766, 33907, 372252, 35403, 96027, 293587, 61840, 165348, 312728, 326609, 341578, 195809, 373842, 253500, 346067]"
"342707";"[193488]";"[131118, 260415, 181672, 153889, 229928, 300670, 400946, 18717, 79801, 172606, 443875, 368360, 366734, 50934, 303058, 15358, 187138, 380971, 85771, 23912, 256146, 287696, 192288, 273872, 264297]"
"344727";"[427541]";"[396281, 78494, 131609, 387504, 297931, 445459, 34269, 433543, 390167, 167827, 88098, 60330, 197455, 295537, 240558, 175610, 239774, 461520, 449118, 225329, 291964, 4067, 188390, 193518, 450950]"
"350566";"[34853, 266439, 353111, 341578, 211207, 459480]";"[316255, 201955, 439726, 312717, 211299, 295449, 81944, 359910, 196484, 114913, 247240, 271930, 178274, 444363, 288340, 222285, 36117, 408203, 438484, 89688, 113615, 154638, 156152, 142240, 95426]"
"360552";"[122449]";"[422494, 122449, 233132, 33912, 360922, 314990, 319900, 289103, 411934, 322489, 108924, 431940, 40630, 213172, 215355, 35608, 124081, 425159, 171878, 461686, 442300, 357529, 125275, 266965, 218794]"
"361291";"[214461]";"[250942, 322489, 58638, 266900, 136471, 379739, 272455, 308438, 307588, 869, 360922, 224481, 272324, 355707, 352230, 450835, 130709, 377981, 400077, 260257, 130815, 265113, 333566, 239006, 113440]"
"370723";"[12217]";"[234493, 379953, 372845, 261940, 462070, 200527, 283766, 214757, 251130, 277119, 51354, 29741, 331980, 109308, 69533, 369112, 129279, 92814, 95933, 191203, 465951, 246532, 178355, 81453, 303229]"
"371604";"[346673]";"[19629, 300536, 246555, 303870, 247307, 365758, 85377, 381613, 402455, 289915, 260194, 224614, 373842, 13925, 165348, 463002, 111530, 145730, 449559, 1022, 352258, 211207, 360487, 127722, 420549]"
"371606";"[29940, 393111, 150547, 48030, 288525, 119736, 399592, 243355, 2463, 219512]";"[216556, 403564, 155485, 162745, 8259, 416992, 392655, 397642, 214461, 315309, 34853, 464220, 195809, 326609, 341578, 28789, 93556, 79484, 132633, 154638, 156152, 89688, 113615, 446102, 288887]"
"374805";"[157121]";"[202983, 444991, 194562, 358485, 20918, 350525, 58846, 293808, 449559, 1022, 438484, 274051, 415833, 36370, 85377, 365758, 444365, 446820, 33907, 444363, 268755, 312163, 35403, 372252, 96027]"
"376250";"[438484]";"[25857, 20740, 445447, 45089, 21970, 267196, 224832, 334520, 148328, 36464, 67889, 415062, 355671, 279310, 95042, 369933, 43267, 181365, 197498, 450778, 339901, 165080, 352788, 279585, 103952]"
"379058";"[140527, 400946]";"[172606, 443875, 79801, 366734, 400946, 232172, 260415, 131118, 300670, 153889, 229928, 181672, 187138, 303058, 15358, 23912, 380971, 85771, 50934, 256146, 287696, 264297, 446542, 178358, 441852]"
"379932";"[132126]";"[288340, 446934, 111122, 417594, 71754, 346384, 137697, 244525, 43831, 257597, 211299, 401682, 321722, 162375, 12404, 58059, 357978, 219755, 422561, 361656, 448453, 179784, 178537, 221329, 157217]"
"389532";"[244458, 456056, 369447, 314789]";"[178537, 361656, 448453, 422561, 133332, 287449, 367900, 247698, 446934, 263501, 244571, 83569, 71754, 248127, 244525, 43831, 360033, 345373, 171814, 190293, 57247, 376151, 417594, 7943, 219755]"
"392246";"[334401]";"[218126, 64377, 145197, 173253, 360790, 180009, 271823, 361777, 287467, 177636, 14932, 143643, 143418, 421884, 99907, 281103, 141240, 165876, 60479, 120098, 37254, 139515, 284045, 79097, 410587]"
"393972";"[133907, 16063]";"[348258, 11976, 161911, 308967, 149767, 158514, 183899, 390167, 167827, 445459, 297931, 387504, 175859, 433543, 34269, 211451, 396281, 131609, 197455, 60330, 421943, 184505, 337161, 446196, 88098]"
"403492";"[441852]";"[272455, 379739, 136471, 308438, 307588, 360922, 224481, 322489, 29196, 250942, 58638, 352230, 400077, 377981, 450835, 130709, 239006, 333566, 109583, 265113, 260257, 133247, 113440, 63543, 130815]"
"404036";"[461686]";"[442300, 357529, 28072, 108924, 266965, 125275, 171878, 425159, 124081, 35608, 218794, 215355, 40630, 213172, 32581, 431940, 442721, 63406, 459319, 447067, 101156, 422376, 13188, 445258, 333039]"
"404403";"[26210, 240558, 95426, 448494, 421606]";"[63975, 95426, 205111, 303828, 308967, 149767, 342777, 449489, 190463, 165337, 430292, 213695, 331510, 305588, 436115, 399053, 312717, 92466, 442131, 43590, 29791, 165267, 427229, 154912, 259962]"
"405156";"[195809]";"[158575, 31591, 15466, 309557, 281717, 33245, 335913, 286731, 74833, 307306, 441966, 137454, 357111, 381265, 358211, 290003, 398887, 266085, 105334, 150877, 150882, 128569, 151061, 362760, 466109]"
"412611";"[450641]";"[2463, 285412, 432152, 96233, 104468, 408737, 223491, 180684, 461180, 181315, 333792, 328185, 14520, 422905, 266439, 422671, 273818, 320970, 324079, 84310, 237244, 24418, 445232, 29863, 253156]"
"412781";"[445351]";"[240248, 346892, 421606, 317816, 9975, 277833, 434289, 127123, 152644, 302569, 218746, 150376, 110720, 170390, 346088, 445351, 259357, 28789, 349318, 132633, 46130, 289103, 122449, 422494, 233132]"
"417594";"[32227]";"[288340, 43831, 244525, 357978, 219755, 446934, 119736, 254406, 422561, 133332, 361656, 448453, 263501, 71754, 408203, 339517, 367900, 321722, 162375, 157217, 111122, 179784, 191640, 307981, 398907]"
"424472";"[213423]";"[433305, 377868, 296795, 46924, 236158, 431216, 206930, 242007, 248063, 197561, 308283, 240160, 54558, 34278, 110645, 228229, 12836, 131745, 32313, 327424, 122931, 256706, 405380, 164035, 340960]"
"430663";"[212171]";"[187913, 427147, 84593, 295127, 301278, 262980, 260900, 291877, 31239, 237952, 248601, 98178, 174724, 436056, 407947, 82174, 411575, 389200, 432357, 215868, 23626, 141480, 280328, 228644, 212171]"
"430913";"[446820]";"[253500, 287356, 353111, 424245, 312163, 253615, 238766, 77573, 228287, 466114, 19135, 210279, 372252, 35403, 96027, 293587, 61840, 33907, 360964, 346067, 150700, 303715, 355707, 192653, 257655]"
"438441";"[398489, 179601]";"[100188, 331159, 255908, 32227, 8641, 43831, 244525, 357978, 157217, 162375, 321722, 83569, 248127, 360033, 244571, 380810, 345373, 417594, 57247, 376151, 190293, 187602, 440212, 171814, 219755]"
"438780";"[320185]";"[215868, 280328, 23626, 389200, 407947, 98178, 82174, 301278, 248601, 257534, 237952, 291877, 262980, 31239, 260900, 174724, 436056, 427147, 187913, 295127, 141480, 411575, 84593, 167978, 257308]"
"456741";"[368403]";"[192653, 150700, 348352, 66424, 272907, 137305, 113641, 248711, 167827, 390167, 297931, 445459, 415810, 433543, 387504, 34269, 211451, 396281, 78494, 32164, 368403, 146081, 254406, 72911, 131609]"
"457978";"[183511]";"[272324, 386724, 449912, 280328, 295127, 130815, 291877, 262980, 31239, 237952, 260900, 84593, 98178, 257534, 248601, 301278, 407947, 174724, 436056, 82174, 389200, 427147, 305520, 141480, 254101]"
"464410";"[171878]";"[35608, 215355, 40630, 213172, 124081, 425159, 171878, 357529, 125275, 266965, 108924, 10572, 28072, 63406, 459319, 431940, 447067, 13188, 442721, 422376, 101156, 44329, 192043, 445258, 333039]"
"469022";"[324079, 377981]";"[127123, 317816, 421606, 240248, 346892, 152644, 9975, 277833, 434289, 302569, 170390, 28789, 346088, 349318, 259357, 132633, 122449, 422494, 46130, 445447, 45089, 445351, 284414, 33912, 277247]"
"472290";"[297931, 387504]";"[445459, 297931, 387504, 211451, 396281, 131609, 78494, 433543, 34269, 88098, 60330, 197455, 11976, 158514, 348258, 295537, 239774, 240558, 175610, 4067, 169003, 461520, 449118, 225329, 291964]"
"475479";"[65091]";"[348258, 415810, 436034, 32450, 1684, 169003, 283923, 272152, 266553, 97437, 454422, 44465, 175610, 449118, 225329, 278100, 240558, 436694, 99187, 166122, 283579, 215051, 325508, 1152, 104634]"
"476523";"[371390]";"[180684, 181315, 422905, 461180, 328185, 14520, 157743, 408737, 324079, 445232, 320970, 273818, 84310, 24418, 237244, 29863, 96233, 2463, 432152, 285412, 422671, 223491, 404264, 150547, 88904]"
"477826";"[165080]";"[37068, 355707, 58638, 5675, 250942, 213785, 322489, 397642, 29196, 93556, 34853, 213423, 230911, 147879, 161623, 118551, 133247, 232406, 146797, 358348, 132600, 425758, 386636, 222285, 217278]"
"481437";"[10572]";"[218794, 35608, 213172, 40630, 215355, 124081, 425159, 171878, 125275, 266965, 108924, 10572, 63406, 459319, 13188, 28072, 442300, 32581, 431940, 422376, 442721, 192043, 101156, 44329, 333039]"
"488858";"[344723]";"[238766, 312163, 346067, 61840, 293587, 96027, 372252, 35403, 33907, 446820, 312728, 188051, 424245, 253500, 353111, 51275, 204023, 311405, 76815, 417912, 228287, 77573, 466114, 210279, 19135]"
"491908";"[150877]";"[333792, 328185, 180684, 461180, 14520, 422905, 157743, 408737, 324079, 320970, 273818, 29863, 237244, 445232, 24418, 84310, 96233, 2463, 432152, 285412, 422671, 223491, 404264, 150547, 88904]"
"493708";"[10572]";"[341701, 194562, 358485, 415833, 274051, 449559, 1022, 350525, 122604, 36370, 58846, 303161, 293808, 202983, 444991, 444365, 114913, 69917, 444363, 446820, 179013, 39561, 199408, 367514, 384157]"
"494059";"[100188]";"[151471, 303573, 444593, 225028, 388536, 138834, 390799, 424186, 204057, 426947, 12217, 441668, 284648, 176162, 301462, 26634, 249079, 406543, 50745, 216508, 319855, 324290, 458919, 148855, 440912]"
"497935";"[416187]";"[422425, 146735, 150215, 378845, 359040, 205111, 95426, 50934, 303828, 138434, 17478, 342777, 308967, 149767, 190463, 449489, 165337, 430292, 331510, 213695, 305588, 312717, 399053, 92466, 217278]"
"500130";"[301721, 216266]";"[134108, 26900, 37403, 90897, 192251, 96375, 402462, 216266, 309438, 113440, 130815, 339917, 411886, 309778, 399592, 271930, 247240, 178274, 222285, 243171, 43590, 318333, 400442, 301721, 302066]"
"503857";"[262297]";"[274435, 390199, 59765, 84321, 357541, 117438, 325256, 187359, 369447, 208939, 247307, 352258, 134118, 130221, 420549, 226940, 198209, 84643, 194044, 59004, 211207, 360487, 402455, 302242, 188148]"
"513984";"[167978]";"[198209, 84643, 59004, 446820, 274435, 369447, 420549, 84321, 130221, 59765, 117438, 208939, 21815, 357541, 325256, 187359, 226940, 390199, 111530, 392583, 445681, 352258, 358485, 302242, 360487]"
"516563";"[388318]";"[421702, 248063, 240160, 34278, 54558, 197561, 206930, 327424, 256706, 131745, 12836, 164035, 122931, 340960, 45175, 32313, 279656, 248605, 405380, 242007, 236158, 110645, 2455, 431216, 31791]"
"518659";"[311405, 390380, 445232, 321089]";"[284414, 307117, 158666, 114735, 204790, 83103, 270383, 110403, 463617, 130709, 450835, 298056, 231482, 253286, 78729, 308438, 109583, 77733, 169213, 220797, 149382, 233734, 199018, 235971, 90931]"
"519839";"[29940, 178537, 393142, 350525]";"[390857, 268755, 367514, 384157, 213829, 235946, 78268, 89901, 348326, 325215, 199408, 216241, 444365, 175914, 122604, 370395, 297765, 29757, 305520, 291609, 355393, 447848, 284080, 410355, 76060]"
"528074";"[24418]";"[34763, 321257, 383396, 408218, 121835, 125660, 261589, 281710, 240900, 393691, 350764, 121553, 428272, 398004, 444931, 72944, 137102, 340375, 190806, 136553, 399592, 94521, 379013, 454640, 268335]"
"528531";"[27494, 388673]";"[388673, 248327, 358482, 409770, 265966, 101718, 27494, 404615, 334947, 270938, 162139, 382130, 85334, 339808, 108343, 2641, 65273, 246825, 459475, 380438, 33993, 156552, 168927, 394518, 143860]"
"530559";"[403564, 268081, 132600, 442131, 330469, 289633, 248455, 444363, 134992, 266900, 379013, 176669, 325310, 108343, 268883, 210279, 65021, 377691, 224481, 37029, 338395, 265326]";"[278059, 287588, 87856, 226870, 10034, 3656, 192288, 282820, 282064, 420549, 159813, 60479, 165876, 316255, 114913, 214461, 158666, 359910, 315309, 287696, 298135, 22436, 28789, 114735, 204790]"
"534073";"[348326]";"[197455, 88098, 433543, 34269, 211451, 396281, 387504, 78494, 297931, 445459, 131609, 167827, 390167, 4067, 158514, 240558, 183899, 273872, 291964, 239774, 169003, 348258, 175610, 436034, 449118]"
"535410";"[379953]";"[334947, 270938, 404615, 409770, 67154, 382130, 388673, 162139, 248327, 446705, 358482, 265966, 101718, 27494, 85334, 339808, 65273, 2641, 246825, 459475, 156552, 380438, 33993, 394518, 168927]"
"541997";"[445351]";"[240248, 346892, 421606, 317816, 9975, 277833, 434289, 127123, 152644, 302569, 218746, 150376, 110720, 170390, 346088, 445351, 259357, 28789, 349318, 132633, 46130, 289103, 122449, 422494, 233132]"
"542702";"[146797]";"[104468, 87856, 287588, 278059, 226870, 235559, 88904, 280342, 266439, 2463, 285412, 408737, 461180, 180684, 157743, 328185, 14520, 181315, 333792, 422905, 432152, 320970, 324079, 445232, 237244]"
"545808";"[244819]";"[45330, 255614, 214519, 69783, 355707, 49257, 397642, 34853, 93556, 147879, 213423, 161623, 232406, 358348, 386636, 146797, 425758, 132600, 133247, 217278, 360922, 439194, 222285, 263245, 357650]"
"547506";"[464731]";"[254406, 417594, 244525, 43831, 446934, 357978, 133332, 71754, 422561, 288340, 339517, 240900, 393691, 136553, 361656, 448453, 379013, 94521, 263501, 148666, 346384, 398004, 428272, 121553, 350764]"
"547852";"[339517]";"[168224, 242521, 444899, 243171, 314789, 267010, 70929, 166100, 26284, 53636, 323084, 34320, 280375, 345694, 130226, 120990, 191973, 11311, 123175, 385520, 364875, 328298, 81434, 281854, 458271]"
"548772";"[321089, 417927, 442150, 261589]";"[442150, 158912, 36117, 431632, 81944, 196484, 142240, 250375, 417927, 281667, 328578, 361656, 448453, 422561, 95426, 205111, 29879, 127879, 287449, 308967, 149767, 285154, 307981, 191640, 398907]"
"548918";"[288525]";"[79801, 172606, 443875, 187138, 18717, 368360, 23912, 15358, 366734, 232172, 303058, 85771, 380971, 18252, 256146, 400946, 260415, 131118, 181672, 300670, 229928, 153889, 213423, 25865, 435047]"
"550158";"[185082]";"[211975, 185082, 93829, 222772, 192003, 259647, 212171, 378834, 8015, 252023, 336668, 62805, 278380, 330029, 137932, 52212, 281480, 443344, 23250, 38083, 49405, 232406, 358348, 425758, 132600]"
"551746";"[240558]";"[131118, 260415, 181672, 153889, 229928, 300670, 400946, 18717, 79801, 172606, 443875, 368360, 366734, 50934, 303058, 15358, 187138, 380971, 85771, 23912, 256146, 287696, 192288, 273872, 264297]"
"554737";"[213834]";"[9975, 317816, 421606, 240248, 346892, 152644, 127123, 218746, 277833, 150376, 110720, 302569, 213834, 170390, 28789, 346088, 349318, 132633, 259357, 46130, 122449, 422494, 284414, 289103, 307117]"
"562364";"[150215]";"[161911, 158514, 183899, 167827, 390167, 445459, 297931, 387504, 382958, 433543, 34269, 131609, 396281, 211451, 197455, 60330, 88098, 78494, 348258, 463331, 7804, 89871, 390857, 344723, 319680]"
"565903";"[51275]";"[303960, 346673, 459480, 369933, 355671, 224832, 415062, 148328, 36464, 334520, 95042, 279310, 197498, 450778, 298135, 4553, 267196, 339070, 211592, 172309, 257412, 464315, 354153, 159813, 428067]"
"569539";"[211451, 384157, 438484, 290999, 119736, 279656]";"[211418, 316010, 34853, 19278, 397642, 93556, 98425, 464220, 45330, 223003, 214519, 255614, 247307, 260194, 224614, 339517, 222285, 178274, 271930, 247240, 438484, 170390, 161354, 192043, 399069]"
"580540";"[246532]";"[358485, 194562, 114913, 295449, 438484, 444991, 202983, 446820, 274051, 415833, 127722, 341701, 1022, 449559, 312163, 194044, 198209, 84643, 253615, 238766, 85377, 365758, 59004, 444365, 247698]"
"581152";"[192003, 259647]";"[192003, 212171, 259647, 252023, 336668, 8015, 62805, 278380, 330029, 137932, 52212, 281480, 443344, 23250, 38083, 49405, 232406, 425758, 358348, 146797, 132600, 386636, 439194, 51483, 69783]"
"582933";"[45175]";"[456912, 277833, 302569, 170390, 240248, 346892, 421606, 317816, 434289, 9975, 127123, 152644, 218746, 150376, 110720, 28789, 132633, 122449, 422494, 26210, 33912, 396445, 103492, 314990, 350525]"
"593905";"[334920]";"[328185, 181315, 461180, 180684, 422905, 333792, 408737, 157743, 324079, 320970, 84310, 273818, 24418, 29863, 445232, 237244, 96233, 2463, 432152, 285412, 422671, 223491, 404264, 150547, 88904]"
"595640";"[248455, 99187]";"[211451, 78494, 131609, 387504, 445459, 297931, 34269, 433543, 390167, 167827, 88098, 60330, 197455, 295537, 240558, 175610, 239774, 461520, 449118, 225329, 291964, 4067, 188390, 193518, 450950]"
"595826";"[84310]";"[296795, 46924, 178358, 256164, 433305, 377868, 236158, 431216, 206930, 242007, 110645, 421702, 248063, 197561, 308283, 240160, 54558, 34278, 228229, 318697, 322717, 2455, 198921, 32313, 327424]"
"600589";"[369447]";"[208939, 84321, 357541, 187359, 325256, 117438, 390199, 59765, 226940, 130221, 302242, 369447, 352258, 420549, 59004, 194044, 198209, 84643, 360487, 211207, 111530, 239564, 188148, 360964, 21815]"
"608844";"[281480]";"[38083, 137932, 281480, 52212, 23250, 350270, 49405, 60159, 44631, 184505, 421943, 337161, 446196, 175859, 234215, 330029, 123995, 377888, 445681, 392583, 19545, 334401, 461614, 390582, 206218]"
"611804";"[16344]";"[445258, 333039, 447067, 63406, 459319, 442300, 192043, 13188, 10572, 250375, 28072, 108924, 322892, 218794, 32581, 101156, 357529, 266965, 125275, 425159, 171878, 35608, 124081, 215355, 213172]"
"615132";"[168927]";"[175859, 446196, 421943, 337161, 184505, 44631, 445681, 392583, 21815, 428891, 253286, 169213, 77733, 220797, 149382, 233734, 199018, 235971, 183511, 216556, 348352, 377888, 188148, 403564, 244027]"
"625399";"[325310]";"[123541, 237019, 222196, 197422, 434814, 319680, 193488, 30024, 450726, 334094, 257200, 348677, 324290, 216508, 50745, 458919, 249079, 26634, 440912, 116481, 148855, 187992, 17766, 319855, 406543]"
"629346";"[7943]";"[424245, 77573, 228287, 210279, 19135, 253500, 360964, 257655, 312163, 179494, 43101, 325852, 353111, 33907, 377635, 204023, 51275, 311405, 188051, 76815, 65091, 35403, 372252, 441415, 96027]"
"637017";"[200527]";"[46232, 98899, 176484, 220920, 272969, 132068, 305588, 165337, 430292, 331510, 213695, 399053, 342777, 29791, 165267, 154912, 338395, 138434, 190463, 167978, 257308, 358565, 49692, 303828, 312717]"
"642130";"[461686]";"[266965, 125275, 171878, 425159, 28072, 124081, 35608, 218794, 108924, 215355, 213172, 40630, 442300, 32581, 431940, 63406, 459319, 447067, 442721, 13188, 101156, 422376, 333039, 445258, 44329]"
"645525";"[377691, 199026]";"[339032, 453192, 271685, 291609, 316255, 18252, 459475, 60159, 350270, 133247, 49405, 234215, 211299, 123995, 224481, 326609, 195809, 341578, 446102, 38083, 288887, 443344, 288340, 272649, 439424]"
"646421";"[458919]";"[282820, 409804, 58059, 12404, 257597, 401682, 374272, 221329, 22436, 16813, 315543, 128296, 46232, 220920, 98899, 25865, 435047, 176484, 132068, 272969, 316472, 358565, 338395, 131385, 342816]"
"658278";"[216508]";"[328185, 14520, 333792, 181315, 180684, 461180, 408737, 157743, 324079, 320970, 273818, 29863, 84310, 24418, 445232, 237244, 96233, 2463, 432152, 285412, 422671, 223491, 404264, 150547, 88904]"
"672218";"[171878, 461686]";"[250375, 14427, 285154, 445258, 245810, 433697, 173223, 17379, 353548, 393111, 157121, 79955, 371390, 422376, 11670, 333039, 442300, 322892, 108924, 10572, 442150, 101156, 28072, 447067, 29167]"
"672785";"[284463]";"[240248, 346892, 317816, 9975, 277833, 127123, 152644, 434289, 302569, 218746, 150376, 110720, 170390, 346088, 28789, 259357, 349318, 445351, 132633, 46130, 289103, 122449, 422494, 233132, 33912]"
"683901";"[444190]";"[274435, 84321, 357541, 325256, 187359, 117438, 59765, 390199, 226940, 352258, 369447, 360487, 211207, 302242, 360964, 420549, 276704, 59004, 194044, 198209, 84643, 296536, 66424, 176669, 21815]"
"684514";"[224832, 14932, 444363, 441966, 303833, 287356, 408218, 446934, 134118, 36117, 27537, 116624, 457045, 427147, 192138, 244525]";"[434814, 319680, 247909, 193488, 287696, 19278, 446411, 336131, 410587, 221980, 251751, 102925, 14387, 192288, 303058, 196484, 154955, 256146, 148707, 216266, 219755, 1022, 449559, 127879, 29879]"
"686012";"[396853, 368403, 337327]";"[43831, 244525, 219755, 357978, 446934, 254406, 422561, 133332, 361656, 448453, 339517, 263501, 71754, 367900, 111122, 321722, 162375, 287449, 346384, 179784, 137697, 157217, 257597, 191640, 398907]"
"686854";"[170262]";"[105933, 25025, 330506, 213785, 420960, 409426, 73760, 265326, 165169, 176869, 132246, 206527, 226092, 122435, 134992, 198784, 350384, 90910, 211418, 316010, 75392, 38965, 123541, 237019, 197422]"
"697408";"[265326]";"[131118, 260415, 181672, 153889, 229928, 300670, 400946, 18717, 79801, 172606, 443875, 368360, 366734, 50934, 303058, 15358, 187138, 380971, 85771, 23912, 256146, 287696, 192288, 273872, 264297]"
"698812";"[276886]";"[421702, 248063, 308283, 34278, 240160, 197561, 206930, 256706, 131745, 405380, 32313, 12836, 164035, 327424, 248605, 122931, 45175, 340960, 279656, 242007, 236158, 110645, 2455, 431216, 31791]"
"698816";"[13398]";"[235946, 384157, 367514, 78268, 213829, 348326, 89901, 325215, 199408, 444365, 54698, 449391, 199394, 284080, 410355, 192569, 268755, 201816, 122604, 393142, 305520, 390857, 162046, 274051, 415833]"
"705542";"[456056, 449559, 275625, 331644, 221980, 399592, 34220, 17766, 295537]";"[372169, 201955, 131861, 276886, 296749, 262297, 262699, 389158, 103776, 145730, 362340, 456912, 29879, 127879, 79524, 178498, 463280, 127722, 111572, 133332, 328578, 281667, 247698, 346088, 170390]"
"711110";"[171878]";"[40630, 213172, 215355, 35608, 124081, 108924, 425159, 218794, 171878, 357529, 125275, 266965, 431940, 10572, 442300, 13188, 459319, 32581, 28072, 63406, 447067, 442721, 422376, 44329, 192043]"
"727357";"[277833]";"[240248, 346892, 421606, 317816, 9975, 277833, 434289, 127123, 152644, 302569, 218746, 150376, 110720, 170390, 346088, 445351, 259357, 28789, 349318, 132633, 46130, 289103, 122449, 422494, 233132]"
"729150";"[192653]";"[349470, 23055, 16344, 106299, 109308, 303229, 81453, 81104, 395273, 95933, 92814, 153874, 178355, 191203, 246532, 465951, 379953, 168111, 103492, 375332, 90487, 301843, 130865, 56303, 66737]"
"737053";"[198784, 19135]";"[7804, 192653, 66424, 272907, 22926, 464315, 354153, 248711, 32164, 146081, 368403, 113641, 137305, 348352, 206218, 415810, 126332, 428067, 73311, 97437, 27020, 132507, 266553, 169003, 166306]"
"741744";"[213834]";"[346088, 259357, 213834, 456912, 289103, 15587, 124193, 132126, 203728, 382674, 259189, 177257, 181973, 306045, 436004, 240248, 346892, 421606, 317816, 400093, 9975, 434289, 277833, 127123, 152644]"
"748040";"[77733, 248711]";"[296536, 176669, 130221, 59765, 369447, 111530, 420549, 396732, 82340, 117438, 192138, 208939, 274435, 357541, 325256, 187359, 390199, 457970, 188148, 302242, 87915, 76196, 226940, 210524, 66424]"
"748342";"[276704]";"[239006, 333566, 377981, 352230, 63543, 379739, 136471, 272455, 266900, 307588, 360922, 308438, 33087, 340960, 12836, 405380, 164035, 32313, 279656, 131745, 256706, 45175, 122931, 327424, 248605]"
"748562";"[444991]";"[87856, 278059, 226870, 266439, 104468, 2463, 223491, 285412, 432152, 96233, 422671, 253156, 408737, 180684, 461180, 157743, 422905, 181315, 328185, 14520, 333792, 324079, 84310, 29863, 273818]"
"749201";"[198209]";"[95933, 92814, 129279, 178355, 246532, 465951, 191203, 303229, 109308, 81104, 81453, 168111, 103492, 106299, 23055, 349470, 16344, 324707, 375332, 395273, 153874, 301843, 316753, 56303, 66737]"
"750601";"[296749, 114735, 46924, 369158, 165169]";"[43831, 244525, 446934, 357978, 111122, 346384, 137697, 219755, 417594, 448453, 361656, 422561, 178537, 387373, 288340, 162375, 321722, 254406, 367900, 263501, 339517, 192653, 287449, 157217, 226940]"
"754358";"[303229]";"[395273, 16344, 349470, 23055, 106299, 109308, 303229, 324707, 379953, 129279, 95933, 92814, 178355, 191203, 246532, 465951, 81104, 168111, 81453, 375332, 103492, 316753, 301843, 130865, 56303]"
"756442";"[256706]";"[301278, 31239, 262980, 260900, 237952, 291877, 248601, 257534, 407947, 82174, 174724, 436056, 389200, 427147, 295127, 84593, 411575, 280328, 187913, 141480, 215868, 23626, 112047, 228644, 254101]"
"756632";"[344071]";"[357111, 441966, 137454, 307306, 150882, 398887, 266085, 105334, 150877, 358211, 290003, 151061, 74833, 33245, 281717, 344071, 286731, 243566, 409655, 128569, 362760, 332224, 416187, 335913, 111240]"
"757355";"[177257, 26900, 217278, 465951, 79955, 279585, 149253, 355994, 67154]";"[409770, 67154, 404615, 334947, 270938, 339808, 382130, 108343, 246825, 156552, 459475, 8259, 370442, 416992, 392655, 339517, 312728, 178498, 408203, 127722, 464220, 247698, 113615, 156152, 154638]"
"759353";"[50745]";"[98899, 176484, 272969, 132068, 46232, 92466, 154912, 165267, 305588, 29791, 213695, 331510, 399053, 165337, 430292, 342777, 190463, 138434, 312717, 22436, 418560, 312728, 221614, 338395, 131385]"
"761482";"[256146, 41803]";"[145730, 424186, 103776, 388536, 225028, 444593, 151471, 303573, 390799, 426947, 372169, 192138, 396732, 111530, 87915, 176669, 376974, 95447, 176162, 360487, 211207, 189265, 201955, 369447, 188148]"
"764790";"[349318]";"[349318, 309438, 110403, 302569, 315309, 214461, 308438, 277833, 360922, 272455, 266900, 136471, 379739, 176484, 132068, 272969, 96375, 307588, 224481, 434289, 317816, 421606, 346892, 240248, 127123]"
"765630";"[286731, 407078, 125660]";"[239564, 8641, 113233, 226940, 390199, 187359, 325256, 117438, 208939, 357541, 168927, 147879, 274435, 302242, 84321, 167978, 216271, 49692, 257308, 439194, 59765, 131385, 260194, 224614, 161354]"
"772262";"[320130]";"[54558, 248063, 308283, 197561, 34278, 421702, 206930, 45175, 256706, 248605, 131745, 279656, 327424, 122931, 32313, 340960, 12836, 164035, 405380, 242007, 236158, 110645, 2455, 431216, 31791]"
"784049";"[174815]";"[138434, 46232, 342777, 165337, 430292, 331510, 213695, 190463, 305588, 399053, 92466, 147879, 165267, 154912, 29791, 98899, 425758, 146797, 358348, 132600, 386636, 150215, 232406, 205111, 95426]"
"786017";"[25865, 435047]";"[25865, 435047, 355994, 294424, 92361, 58059, 12404, 401682, 257597, 119107, 400673, 432171, 263188, 424193, 131385, 257308, 5043, 167978, 324833, 139346, 379520, 357583, 98807, 128296, 49692]"
"788900";"[270383]";"[192653, 150700, 348352, 66424, 272907, 137305, 113641, 248711, 167827, 390167, 297931, 445459, 415810, 433543, 387504, 34269, 211451, 396281, 78494, 32164, 368403, 146081, 254406, 72911, 131609]"
"792741";"[409804]";"[331159, 100188, 32227, 160272, 403969, 398907, 191640, 307981, 8641, 157217, 357978, 380810, 162375, 321722, 187602, 374272, 360033, 57247, 376151, 248127, 83569, 345373, 244571, 43831, 244525]"
"797409";"[294242, 122931, 424506, 390934, 119736]";"[276704, 360487, 211207, 262699, 389158, 131861, 276886, 296749, 262297, 210524, 145730, 100282, 352258, 76196, 359439, 216271, 370395, 319602, 103776, 15587, 336359, 457970, 377691, 398489, 340794]"
"797729";"[445351]";"[240248, 346892, 421606, 317816, 9975, 277833, 434289, 127123, 152644, 302569, 218746, 150376, 110720, 170390, 346088, 445351, 259357, 28789, 349318, 132633, 46130, 289103, 122449, 422494, 233132]"
"799331";"[21815]";"[392583, 21815, 175859, 19545, 446196, 184505, 421943, 337161, 461614, 44631, 183511, 59004, 188148, 377888, 66424, 274435, 194044, 198209, 84643, 390582, 227311, 55955, 427541, 16063, 369447]"
"809822";"[315543, 232172, 331937, 168224]";"[176669, 420549, 360487, 211207, 352258, 59765, 84321, 274435, 76196, 357541, 208939, 325256, 187359, 117438, 226940, 390199, 130221, 402455, 262699, 59004, 389158, 194044, 198209, 84643, 302242]"
"817474";"[253500]";"[60159, 350270, 49405, 314801, 234215, 277247, 123995, 445447, 45089, 38083, 92361, 76060, 272649, 174489, 126307, 330035, 121955, 331514, 444190, 109116, 98547, 400442, 62275, 151178, 281480]"
"819547";"[145721, 158575]";"[38083, 49405, 137932, 23250, 60159, 330029, 51483, 234215, 123995, 62805, 334401, 336668, 8015, 252023, 259647, 192003, 212171, 211975, 185082, 93829, 222772, 307733, 297145, 278380, 378834]"
"822310";"[420549, 104560, 131861]";"[60159, 350270, 234215, 49405, 334401, 314801, 443344, 151178, 359439, 330035, 126307, 174489, 121955, 444190, 331514, 281480, 34853, 314124, 400442, 98547, 397642, 330469, 52212, 62275, 109116]"
"829289";"[440912, 390799]";"[157217, 360790, 180009, 145197, 287467, 177636, 143643, 14932, 361777, 271823, 173253, 143418, 343151, 218126, 64377, 421884, 141240, 60479, 165876, 120098, 191640, 398907, 307981, 403969, 160272]"
"836635";"[48030, 386724, 308967, 266085, 153889, 8122, 127879, 359439]";"[213423, 443344, 23250, 352541, 220513, 446411, 378834, 307733, 297145, 185082, 211975, 93829, 222772, 192003, 212171, 259647, 45330, 223003, 336668, 252023, 8015, 214519, 255614, 278380, 62805]"
"837377";"[183899]";"[57247, 376151, 360033, 248127, 244571, 83569, 345373, 72715, 190293, 171814, 380810, 334920, 307035, 365015, 342816, 166306, 358565, 385355, 382499, 440212, 32227, 331159, 100188, 255908, 338395]"
"841939";"[289915, 148855, 122604, 424421, 204209]";"[90897, 26900, 37403, 96375, 134108, 163689, 16417, 288525, 34355, 249207, 192251, 289633, 130113, 359910, 214519, 268335, 69533, 402462, 407078, 82232, 355707, 172894, 255614, 369112, 45330]"
"846763";"[322892]";"[266965, 125275, 357529, 218794, 171878, 425159, 442300, 63406, 124081, 459319, 101156, 35608, 32581, 108924, 13188, 422376, 215355, 40630, 213172, 445258, 431940, 442721, 322892, 192043, 44329]"
"848427";"[67434]";"[270938, 404615, 409770, 67154, 382130, 388673, 108343, 248327, 358482, 446705, 265966, 101718, 27494, 162139, 339808, 85334, 2641, 65273, 246825, 459475, 156552, 380438, 33993, 168927, 394518]"
"852757";"[204790]";"[1152, 166122, 215051, 325508, 436694, 99187, 283579, 41295, 87513, 8122, 303833, 450641, 372568, 390380, 126557, 31098, 9385, 310944, 65021, 174815, 452361, 440066, 64881, 344446, 62737]"
"855713";"[357583]";"[199018, 233734, 169213, 220797, 77733, 149382, 235971, 253286, 428891, 78729, 244027, 204494, 294242, 342530, 258148, 325652, 463617, 161623, 90487, 90931, 155485, 360825, 289096, 121680, 236000]"
"859454";"[23626]";"[96375, 37403, 90897, 26900, 134108, 110403, 307117, 284414, 369158, 308438, 272455, 136471, 379739, 192251, 307588, 266900, 132633, 360922, 113440, 349318, 130815, 224481, 29196, 322489, 28789]"
"861299";"[429765, 235796, 270383, 327424, 309557, 143418, 37029, 89688, 317192, 238766, 266553, 400077, 340825, 286731, 346892, 248455]";"[377960, 317192, 10034, 159813, 27537, 20918, 382499, 366734, 51969, 298056, 286962, 121865, 367726, 222285, 444363, 381613, 114735, 204790, 83103, 142240, 158666, 214461, 246825, 315309, 150700]"
"863219";"[222888]";"[380511, 337327, 268883, 319602, 346213, 179601, 211592, 241555, 275294, 172309, 162662, 244525, 43831, 369158, 334520, 148328, 36464, 369933, 67889, 215868, 224832, 219755, 279310, 91888, 432357]"
"863830";"[294242]";"[382674, 132126, 203728, 306045, 436004, 181973, 177257, 124193, 400093, 305503, 23762, 279052, 338794, 359109, 51969, 373107, 27537, 314789, 368841, 446590, 382499, 208450, 102925, 251751, 221980]"
"865376";"[317816]";"[240248, 346892, 421606, 317816, 9975, 277833, 434289, 127123, 152644, 302569, 218746, 150376, 110720, 170390, 346088, 445351, 259357, 28789, 349318, 132633, 46130, 289103, 122449, 422494, 233132]"
"867441";"[75392]";"[40630, 213172, 215355, 35608, 425159, 171878, 218794, 357529, 108924, 125275, 266965, 10572, 431940, 442300, 28072, 32581, 459319, 63406, 13188, 447067, 442721, 422376, 44329, 101156, 192043]"
"868541";"[382674]";"[408933, 56323, 284871, 181365, 378045, 103952, 411858, 236927, 173313, 165080, 279585, 352788, 137440, 64011, 339032, 339901, 242905, 331980, 372845, 261940, 462070, 283766, 214757, 200527, 277119]"
"883093";"[316255]";"[396853, 373107, 305503, 87915, 192138, 396732, 82340, 111530, 176669, 188148, 124193, 259189, 132126, 382674, 203728, 436004, 181973, 306045, 177257, 210002, 369447, 279052, 73852, 331937, 152120]"
"883745";"[32313]";"[289915, 151385, 145721, 300536, 246555, 303870, 288887, 446102, 326609, 341578, 195809, 466114, 228287, 77573, 19135, 210279, 85377, 365758, 76815, 424245, 311405, 51275, 204023, 360964, 19629]"
"890980";"[354881, 154912, 149767, 368841, 441852, 245168, 22969, 64881, 869, 73760, 210087]";"[109308, 106299, 23055, 349470, 16344, 324707, 395273, 153874, 316753, 388318, 344723, 463331, 211299, 13925, 463002, 286962, 121865, 367726, 352541, 288340, 439424, 128296, 287356, 346088, 71754]"
"892355";"[372188, 302242, 383396, 352541, 119736]";"[224614, 260194, 302587, 134118, 232780, 41803, 243355, 235796, 191106, 19629, 80435, 113233, 352541, 381613, 25025, 330506, 259078, 432357, 439194, 105933, 13280, 13925, 390199, 117438, 187359]"
"895733";"[132068]";"[349318, 309438, 302569, 277833, 402462, 315309, 214461, 110403, 317816, 421606, 346892, 240248, 127123, 434289, 9975, 218746, 132068, 272969, 176484, 152644, 150376, 110720, 308438, 360922, 224481]"
"895999";"[157217, 420960, 64377]";"[253500, 188051, 353111, 463280, 287356, 76815, 51275, 204023, 311405, 312163, 165348, 151385, 145721, 362340, 253615, 33907, 238766, 373842, 35403, 372252, 96027, 293587, 61840, 341578, 195809]"
"896347";"[449391]";"[291609, 305520, 192931, 361591, 454818, 339032, 165080, 352788, 279585, 411858, 173313, 236927, 103952, 64011, 339901, 137440, 181365, 76426, 242905, 293416, 390857, 199394, 420943, 314801, 192569]"
"899857";"[223003, 303058, 34269, 136471, 256146, 58846]";"[18717, 366734, 172606, 79801, 443875, 368360, 303058, 380971, 85771, 15358, 187138, 256146, 23912, 287696, 192288, 148707, 137932, 264297, 446542, 183899, 51483, 18252, 38083, 52212, 281480]"
"903507";"[344723]";"[146325, 247240, 271930, 178274, 90325, 435160, 267236, 176363, 124065, 61303, 153666, 22969, 22568, 401765, 153830, 104116, 42874, 28161, 275580, 16370, 66405, 445105, 121595, 275625, 377960]"
"904351";"[37029, 362340, 334520]";"[449391, 220066, 111240, 332224, 416187, 309778, 40140, 390984, 457045, 284463, 128569, 243566, 150882, 398887, 105334, 266085, 150877, 357111, 381265, 441966, 137454, 290003, 307306, 358211, 74833]"
"905500";"[167126]";"[144704, 60980, 458271, 11311, 210087, 280375, 257200, 216508, 187992, 26634, 249079, 50745, 148855, 17766, 406543, 319855, 324290, 458919, 116481, 440912, 348677, 334094, 30024, 450726, 417059]"
"911093";"[277119, 251130]";"[372845, 214757, 462070, 283766, 251130, 200527, 277119, 51354, 331980, 29741, 234493, 369112, 69533, 249207, 79956, 230911, 57577, 6913, 195234, 284871, 56323, 195958, 204209, 170262, 247862]"
"914409";"[351125, 361945]";"[278059, 287588, 87856, 2463, 432152, 285412, 96233, 223491, 104468, 408737, 461180, 157743, 328185, 333792, 14520, 181315, 422905, 266439, 422671, 253156, 324079, 320970, 445232, 84310, 273818]"
"915213";"[169213]";"[422905, 181315, 14520, 461180, 180684, 333792, 408737, 157743, 29863, 273818, 324079, 445232, 24418, 84310, 320970, 237244, 96233, 2463, 432152, 285412, 422671, 223491, 404264, 150547, 88904]"
"917577";"[130221]";"[1684, 190172, 283579, 303833, 450641, 65021, 344446, 440066, 31098, 87513, 8122, 174815, 390380, 64881, 126557, 372568, 452361, 62737, 310944, 458608, 56441, 9385, 325508, 215051, 104634]"
"918651";"[9385]";"[396732, 192138, 82340, 87915, 176669, 369447, 188148, 420549, 352258, 360487, 211207, 59765, 274435, 84321, 357541, 117438, 390199, 208939, 325256, 187359, 210524, 130221, 226940, 402455, 59004]"
"927756";"[395273]";"[23055, 349470, 16344, 379953, 129279, 95933, 92814, 246532, 465951, 191203, 178355, 109308, 81104, 81453, 168111, 395273, 153874, 103492, 324707, 375332, 301843, 316753, 56303, 66737, 130865]"
"933310";"[247307]";"[43101, 325852, 398134, 377635, 65091, 441415, 32581, 101156, 333039, 442721, 322892, 28072, 266965, 125275, 10572, 357529, 445258, 218794, 171878, 425159, 124081, 63406, 447067, 459319, 442300]"
"933821";"[113615]";"[276886, 131861, 296749, 262297, 389158, 192653, 210524, 369447, 302242, 226940, 188148, 82340, 117438, 192138, 396732, 84321, 59765, 357541, 325256, 187359, 208939, 390199, 111530, 274435, 145730]"
"935325";"[268755, 159813]";"[162139, 358482, 446705, 265966, 101718, 248327, 388673, 27494, 67154, 409770, 404615, 334947, 270938, 382130, 85334, 339808, 108343, 2641, 43267, 186702, 380438, 33993, 148666, 352230, 333566]"
"939792";"[218794]";"[40630, 213172, 215355, 35608, 124081, 108924, 425159, 218794, 171878, 357529, 125275, 266965, 431940, 10572, 442300, 13188, 459319, 32581, 28072, 63406, 447067, 442721, 422376, 44329, 192043]"
"945612";"[152644]";"[58846, 293808, 36370, 341701, 449559, 1022, 444991, 202983, 295449, 358485, 20918, 194562, 365758, 85377, 312163, 444363, 69917, 33907, 35403, 372252, 96027, 293587, 61840, 253615, 238766]"
"947585";"[119107]";"[263188, 432171, 119107, 324833, 98807, 379520, 357583, 139346, 122219, 133907, 71733, 379796, 424421, 254290, 294424, 156466, 288418, 407078, 335331, 130113, 446590, 337327, 453432, 460188, 163689]"
"950153";"[296795, 273818]";"[350525, 293808, 58846, 341701, 359910, 20918, 1022, 449559, 89901, 367514, 384157, 213829, 235946, 444365, 78268, 175914, 268755, 325215, 199408, 295449, 348326, 444991, 202983, 449391, 54698]"
"952246";"[288525, 84643, 213834]";"[377888, 446196, 184505, 337161, 421943, 44631, 461614, 19545, 175859, 192288, 445681, 392583, 21815, 148707, 51483, 13925, 272649, 308967, 149767, 150700, 463002, 348352, 192653, 408203, 422561]"
"953371";"[270383]";"[66480, 41295, 436694, 99187, 166122, 325508, 215051, 1152, 104634, 283579, 440066, 372568, 174815, 64881, 9385, 310944, 87513, 303833, 126557, 31098, 450641, 8122, 390380, 65021, 62737]"
"958461";"[33907]";"[95426, 150215, 4887, 422425, 378845, 146735, 359040, 63975, 138434, 17478, 342777, 303828, 449489, 190463, 312717, 165337, 430292, 331510, 213695, 305588, 92466, 399053, 29791, 165267, 154912]"
"960004";"[234255, 330506]";"[259078, 206241, 41803, 243355, 235796, 232780, 412981, 437371, 118752, 80435, 302587, 19629, 348677, 26634, 406543, 324290, 458919, 216508, 50745, 148855, 17766, 187992, 249079, 440912, 319855]"
"962131";"[115258, 130815, 13925]";"[259357, 456912, 170390, 302569, 277833, 240248, 346892, 421606, 289103, 317816, 9975, 127123, 152644, 321089, 81104, 434289, 81453, 382419, 218746, 414127, 465951, 191203, 246532, 129279, 92814]"
"963337";"[133907]";"[381265, 137454, 441966, 307306, 150882, 398887, 266085, 105334, 150877, 358211, 290003, 151061, 74833, 33245, 281717, 344071, 286731, 243566, 409655, 128569, 362760, 332224, 416187, 335913, 111240]"
"967180";"[445459]";"[41295, 283579, 99187, 436694, 166122, 215051, 325508, 104634, 1152, 173433, 214617, 303833, 8122, 31098, 87513, 174815, 372568, 126557, 390380, 450641, 65021, 440066, 9385, 64881, 344446]"
"972071";"[350384]";"[176484, 132068, 272969, 220920, 284080, 410355, 98899, 46232, 325215, 199408, 14387, 338395, 213829, 348326, 235946, 367514, 384157, 175914, 54698, 358565, 89901, 131385, 29791, 449391, 251751]"
"972095";"[312781]";"[190806, 192491, 241555, 312781, 34763, 321257, 408218, 383396, 261589, 125660, 121835, 281710, 158194, 240900, 422671, 324079, 273818, 320970, 445232, 84310, 29863, 24418, 237244, 408737, 328185]"
"974226";"[119736, 151471, 12836, 463002]";"[202825, 414995, 342816, 72715, 187602, 376151, 57247, 98899, 220920, 334920, 307035, 365015, 352541, 360033, 244571, 248127, 83569, 171814, 190293, 176484, 113233, 272969, 132068, 345373, 25865]"
"991246";"[103492]";"[260621, 337161, 184505, 421943, 446196, 44631, 183511, 390582, 427541, 16063, 55955, 227311, 461614, 19545, 40140, 175859, 377888, 439194, 232406, 425758, 358348, 386636, 146797, 132600, 192288]"
"994820";"[409770, 354153, 198784, 287588, 461686, 112782, 462070, 334401, 295449]";"[466114, 77573, 228287, 19135, 210279, 360964, 312163, 33907, 35403, 372252, 96027, 293587, 61840, 253615, 238766, 257655, 51275, 204023, 311405, 76815, 346067, 303715, 57788, 463280, 135311]"
"996879";"[186702, 403969]";"[367900, 263501, 111122, 346384, 137697, 244525, 43831, 417594, 178537, 247698, 357978, 339517, 219755, 446934, 133332, 244571, 288340, 83569, 408203, 71754, 248127, 345373, 236512, 190293, 370442]"
"1003058";"[156552]";"[89871, 112047, 370442, 33907, 35403, 372252, 96027, 293587, 61840, 417912, 22436, 228644, 23626, 346067, 141480, 156552, 312163, 280328, 407947, 174724, 248601, 436056, 427147, 98178, 301278]"
"1010711";"[268081]";"[372169, 31791, 228229, 206930, 308283, 240160, 54558, 34278, 421702, 197561, 248063, 32313, 340960, 256706, 164035, 122931, 12836, 131745, 279656, 327424, 45175, 405380, 248605, 236158, 242007]"
"1011964";"[443875]";"[300670, 229928, 153889, 260415, 181672, 232172, 400946, 18717, 172606, 443875, 79801, 366734, 368360, 50934, 303058, 15358, 380971, 85771, 187138, 23912, 256146, 287696, 192288, 273872, 264297]"
"1013883";"[149382]";"[379493, 459480, 346673, 303960, 67889, 369933, 355671, 415062, 224832, 148328, 36464, 334520, 95042, 279310, 298135, 4553, 450778, 197498, 267196, 339070, 211592, 172309, 257412, 464315, 354153]"
"1014189";"[54698]";"[325215, 78268, 54698, 213829, 348326, 367514, 384157, 235946, 89901, 175914, 199408, 444365, 199394, 192569, 284080, 410355, 268755, 65633, 122604, 201816, 393142, 305520, 390857, 291609, 142240]"
"1015139";"[12217, 12404, 44465]";"[298135, 461190, 91888, 339070, 459480, 346673, 4553, 234414, 379493, 355671, 67889, 415062, 148328, 36464, 334520, 224832, 257412, 95042, 279310, 450778, 197498, 211592, 303960, 267196, 10034]"
"1017263";"[49257]";"[331514, 121955, 126307, 174489, 330035, 98547, 444190, 76060, 400442, 109116, 314124, 330469, 355393, 151178, 359439, 447848, 336131, 370395, 252344, 450156, 244819, 92361, 243795, 236000, 60159]"
"1029755";"[461686]";"[334947, 404615, 409770, 67154, 382130, 388673, 108343, 248327, 446705, 358482, 265966, 101718, 27494, 162139, 339808, 85334, 2641, 65273, 246825, 459475, 156552, 380438, 33993, 168927, 394518]"
"1031663";"[445258]";"[285154, 445258, 442300, 108924, 333039, 28072, 158912, 447067, 357529, 63406, 459319, 266965, 218794, 125275, 322892, 13188, 425159, 171878, 35608, 124081, 215355, 442721, 40630, 213172, 101156]"
"1035814";"[254290, 369447]";"[187602, 360033, 248127, 244571, 83569, 345373, 380810, 190293, 166306, 171814, 382499, 385355, 358565, 49692, 27537, 257308, 167978, 338395, 32227, 352541, 192653, 131385, 440212, 7804, 255908]"
"1051557";"[187359]";"[34853, 49257, 93556, 265326, 73760, 176869, 165169, 132246, 90910, 206527, 122435, 226092, 134992, 409426, 350384, 335536, 211418, 198784, 75392, 316010, 464220, 213785, 19278, 330506, 25025]"
"1053783";"[88098]";"[159822, 148707, 287696, 377888, 232172, 229928, 300670, 153889, 131118, 181672, 260415, 400946, 227311, 427541, 55955, 16063, 390582, 303058, 183511, 18717, 50934, 187138, 256146, 172606, 79801]"
"1059363";"[213834]";"[191203, 465951, 246532, 95933, 129279, 178355, 379953, 303229, 168111, 81453, 103492, 81104, 109308, 106299, 23055, 349470, 16344, 324707, 375332, 395273, 153874, 301843, 50648, 56303, 130865]"
"1061238";"[213834]";"[346088, 259357, 320130, 11279, 372169, 354585, 189265, 389158, 424186, 426947, 388536, 225028, 138834, 444593, 303573, 151471, 390799, 42146, 373107, 7943, 376974, 95447, 176162, 262297, 296749]"
"1065255";"[416017, 87856]";"[368841, 13398, 410355, 284080, 79484, 342264, 29940, 342816, 40140, 12217, 181973, 259189, 382674, 132126, 203728, 306045, 436004, 177257, 118752, 124193, 417059, 400093, 348326, 257200, 73917]"
"1070029";"[213834]";"[66480, 372568, 56441, 8122, 390380, 31098, 65021, 174815, 87513, 303833, 450641, 9385, 64881, 126557, 440066, 62737, 310944, 452361, 344446, 458608, 325508, 104634, 215051, 1152, 436694]"
"1073658";"[346892]";"[240248, 346892, 421606, 317816, 9975, 277833, 434289, 127123, 152644, 302569, 218746, 150376, 110720, 170390, 346088, 445351, 259357, 28789, 349318, 132633, 46130, 289103, 122449, 422494, 233132]"
"1075423";"[369158, 72715, 77733]";"[187602, 72715, 334920, 307035, 365015, 342816, 358565, 338395, 111122, 352541, 346384, 137697, 160272, 307981, 398907, 191640, 403969, 382499, 100188, 331159, 361656, 448453, 255908, 422561, 32227]"
"1084952";"[50648, 11670]";"[103776, 262699, 131861, 262297, 296749, 276886, 389158, 424186, 59765, 352258, 117438, 138834, 360487, 211207, 390799, 388536, 444593, 225028, 303573, 151471, 84321, 274435, 357541, 208939, 325256]"
"1093035";"[150882, 325256, 414995]";"[263188, 432171, 400673, 119107, 379796, 294424, 162662, 275294, 453432, 34355, 81944, 196484, 361945, 351125, 85771, 380971, 36117, 154955, 15358, 128296, 111572, 439424, 25865, 435047, 162375]"
"1097026";"[92466]";"[122219, 98807, 139346, 357583, 379520, 324833, 5043, 263188, 432171, 400673, 119107, 71733, 424421, 288418, 379796, 407078, 254290, 156466, 294424, 335331, 336393, 446590, 130113, 337327, 289633]"
"1101747";"[158514]";"[2463, 432152, 408737, 181315, 328185, 180684, 422905, 14520, 333792, 157743, 461180, 324079, 273818, 445232, 84310, 320970, 24418, 29863, 237244, 96233, 285412, 422671, 404264, 223491, 150547]"
"1102743";"[281667]";"[335331, 448494, 379520, 357583, 324833, 98807, 5043, 122219, 263188, 432171, 133907, 400673, 119107, 71733, 10034, 379796, 424421, 288418, 254290, 294424, 407078, 156466, 90325, 61303, 382419]"
"1104300";"[256164]";"[414995, 228644, 167978, 257308, 49692, 131385, 358565, 215868, 338395, 23626, 280328, 389200, 407947, 82174, 98178, 301278, 248601, 257534, 291877, 237952, 262980, 31239, 260900, 174724, 436056]"
"1104771";"[296795]";"[236927, 411858, 279585, 165080, 352788, 103952, 378045, 64011, 137440, 339901, 181365, 242905, 339032, 293416, 453192, 271685, 454818, 192931, 361591, 420943, 408933, 445447, 45089, 305520, 20740]"
"1104957";"[240160]";"[396853, 10516, 228229, 31791, 322717, 51556, 331937, 202920, 372169, 279656, 122931, 131745, 32313, 256706, 45175, 405380, 248605, 12836, 164035, 340960, 327424, 240160, 34278, 308283, 54558]"
"1108631";"[248455, 438484]";"[259962, 206218, 138434, 234414, 379493, 428067, 342777, 459480, 346673, 165337, 430292, 331510, 213695, 305588, 399053, 29791, 312717, 92466, 332721, 67889, 8259, 165267, 355671, 148328, 36464]"
"1115446";"[29196]";"[220920, 176484, 132068, 272969, 92466, 154912, 165267, 29791, 305588, 213695, 331510, 399053, 165337, 430292, 342777, 190463, 22436, 138434, 312717, 417912, 418560, 370442, 221614, 331644, 338395]"
"1116948";"[156152]";"[65091, 442721, 101156, 28072, 333039, 266965, 125275, 357529, 10572, 322892, 218794, 171878, 425159, 124081, 63406, 447067, 459319, 35608, 445258, 442300, 13188, 215355, 40630, 213172, 431940]"
"1118109";"[259189]";"[342530, 325652, 258148, 204494, 199018, 233734, 169213, 149382, 220797, 77733, 235971, 216556, 403564, 253286, 360825, 78729, 268081, 428891, 244027, 424506, 155485, 161623, 90931, 463617, 121680]"
"1121652";"[461686]";"[124081, 425159, 171878, 215355, 213172, 40630, 357529, 218794, 125275, 266965, 28072, 10572, 108924, 431940, 442300, 32581, 63406, 459319, 447067, 13188, 442721, 461686, 101156, 422376, 44329]"
"1126569";"[110720, 188051, 247601, 1022]";"[44329, 431940, 213172, 40630, 215355, 35608, 124081, 425159, 171878, 125275, 266965, 357529, 218794, 28072, 108924, 274804, 10572, 63406, 459319, 13188, 442300, 447067, 101156, 32581, 442721]"
"1131431";"[85914]";"[161911, 158514, 183899, 167827, 390167, 445459, 297931, 387504, 382958, 433543, 34269, 131609, 396281, 211451, 197455, 60330, 88098, 78494, 348258, 463331, 7804, 89871, 390857, 344723, 319680]"
"1134975";"[303960, 346384, 99907]";"[312163, 61840, 293587, 96027, 35403, 372252, 33907, 353111, 188051, 358485, 51275, 204023, 311405, 417912, 76815, 253500, 424245, 257655, 287356, 415833, 274051, 77573, 228287, 370442, 466114]"
"1140886";"[461686]";"[75392, 192043, 13188, 447067, 422376, 459319, 63406, 285154, 32581, 211418, 350384, 134992, 122435, 226092, 206527, 73760, 265326, 165169, 176869, 132246, 409426, 335536, 198784, 28072, 35608]"
"1143344";"[138434]";"[294242, 342530, 325652, 258148, 216556, 199018, 233734, 169213, 149382, 77733, 220797, 235971, 403564, 253286, 244027, 78729, 360825, 268081, 428891, 161623, 424506, 162745, 463617, 155485, 121680]"
"1143383";"[49156, 390984, 85579, 143643, 119736, 71754, 186702]";"[59765, 130221, 352258, 420549, 360487, 211207, 239564, 388318, 111530, 59004, 194044, 198209, 84643, 188148, 260194, 224614, 21815, 396732, 192138, 392583, 445681, 161354, 82340, 176669, 210524]"
"1144503";"[213834]";"[346088, 259357, 213834, 456912, 289103, 15587, 124193, 132126, 203728, 382674, 259189, 177257, 181973, 306045, 436004, 240248, 346892, 421606, 317816, 400093, 9975, 434289, 277833, 127123, 152644]"
"1147655";"[188051, 272969, 240248]";"[114913, 358485, 438484, 444363, 194562, 444991, 202983, 446820, 350525, 198209, 84643, 194044, 341701, 59004, 238766, 253615, 415833, 274051, 36370, 312163, 394518, 346067, 142240, 444365, 257655]"
"1150086";"[177636, 137697, 118914, 202983, 236512, 406543, 170353, 117677, 130709, 257655, 183511, 253615, 377888, 398907, 176363, 399192, 359910, 113440, 263188, 126623, 170262, 316753, 441852, 212006, 127722, 179601, 176869, 228644, 340794, 126307, 219512, 199394, 248455]";"[78494, 211451, 396281, 131609, 34269, 433543, 387504, 88098, 445459, 297931, 60330, 197455, 390167, 167827, 348258, 13398, 390857, 7804, 444991, 202983, 158514, 23912, 237422, 11976, 183899]"
"1156860";"[352788]";"[263501, 448453, 361656, 422561, 287449, 111122, 137697, 346384, 178537, 357978, 43831, 244525, 247698, 353111, 417594, 339517, 219755, 254406, 133332, 71754, 408203, 446934, 85334, 287356, 119736]"
"1161163";"[164035, 30024, 15466, 23912, 307035, 355994, 26634, 257040, 204023, 151061, 26284, 427541, 53636]";"[428272, 350764, 398004, 121553, 162662, 275294, 219755, 453432, 79524, 179784, 111572, 123995, 254406, 134108, 26900, 90897, 37403, 308967, 149767, 361945, 351125, 71754, 192251, 443344, 346384]"
"1161968";"[464731, 331514]";"[213785, 316010, 211418, 350384, 134992, 226092, 122435, 90910, 335536, 206527, 176869, 73760, 265326, 165169, 132246, 198784, 75392, 34853, 397642, 19278, 49257, 105933, 330506, 25025, 93556]"
"1162858";"[463280]";"[11311, 177695, 120990, 444899, 345694, 191973, 166100, 26284, 267010, 53636, 70929, 323084, 34320, 458271, 280375, 130226, 123175, 266024, 281854, 328298, 385520, 364875, 81434, 150809, 242521]"
"1165148";"[398887, 390857]";"[102925, 13398, 251751, 7943, 284080, 410355, 221980, 14387, 257412, 23762, 449391, 359109, 325215, 199408, 177257, 306045, 259189, 382674, 203728, 132126, 436004, 181973, 400093, 124193, 175914]"
"1165669";"[236158]";"[441852, 296795, 46924, 256164, 433305, 377868, 236158, 431216, 206930, 242007, 110645, 421702, 248063, 197561, 240160, 308283, 34278, 54558, 228229, 318697, 322717, 73852, 95808, 2455, 122931]"
"1166692";"[403969]";"[261940, 462070, 214757, 200527, 283766, 277119, 251130, 51354, 331980, 29741, 234493, 369112, 69533, 249207, 79956, 230911, 6913, 57577, 195234, 284871, 56323, 195958, 204209, 170262, 247862]"
"1167457";"[216266]";"[402462, 309438, 37403, 90897, 26900, 51275, 204023, 311405, 96375, 349318, 270383, 165348, 369158, 151385, 145721, 373842, 289915, 216266, 195809, 326609, 341578, 449559, 1022, 312163, 288887]"
"1169689";"[192043]";"[425159, 35608, 218794, 357529, 215355, 213172, 40630, 10572, 108924, 442300, 32581, 431940, 459319, 447067, 13188, 442721, 422376, 101156, 44329, 333039, 192043, 445258, 322892, 250375, 285154]"
"1169956";"[308648]";"[289633, 379796, 294424, 172894, 139346, 379520, 357583, 324833, 5043, 98807, 263188, 432171, 400673, 119107, 122219, 133907, 71733, 49156, 390689, 85771, 380971, 362760, 318333, 344071, 15358]"
"1171831";"[372568]";"[194562, 358485, 415833, 274051, 295449, 444363, 438484, 446820, 449559, 1022, 253615, 238766, 312163, 194044, 198209, 84643, 346067, 33907, 35403, 372252, 96027, 293587, 61840, 444365, 59004]"
"1173255";"[377960]";"[432357, 460553, 41803, 243355, 235796, 191106, 232780, 80435, 187913, 346213, 19629, 302587, 84593, 247307, 427147, 386724, 449912, 23626, 277139, 82174, 295127, 257534, 407947, 389200, 174724]"
"1178073";"[293587]";"[282064, 409804, 58059, 12404, 257597, 401682, 374272, 221329, 22436, 16813, 315543, 128296, 46232, 220920, 98899, 25865, 435047, 176484, 132068, 272969, 316472, 358565, 338395, 131385, 342816]"
"1179005";"[22568, 114070]";"[388673, 248327, 67154, 446705, 265966, 101718, 27494, 404615, 334947, 270938, 162139, 382130, 85334, 339808, 108343, 2641, 65273, 246825, 459475, 380438, 33993, 156552, 168927, 394518, 143860]"
"1190855";"[14671, 46130]";"[343151, 421884, 360790, 361777, 180009, 287467, 177636, 143643, 14932, 173253, 271823, 143418, 281103, 99907, 141240, 60479, 165876, 120098, 139515, 284045, 37254, 374092, 369093, 79097, 410587]"
"1194261";"[213834]";"[240248, 421606, 346892, 9975, 152644, 127123, 277833, 218746, 434289, 302569, 150376, 110720, 213834, 170390, 28789, 346088, 349318, 259357, 132633, 122449, 422494, 46130, 284414, 289103, 307117]"
"1197343";"[9877, 20918]";"[133247, 64011, 378045, 411858, 173313, 236927, 103952, 165080, 352788, 279585, 137440, 181365, 339901, 242905, 293416, 453192, 271685, 454818, 361591, 192931, 291609, 270383, 298056, 305520, 408933]"
"1207222";"[172606]";"[448453, 361656, 367900, 287449, 43831, 244525, 357978, 417594, 111122, 346384, 137697, 219755, 339517, 254406, 178537, 119736, 446934, 133332, 71754, 408203, 288340, 179784, 247698, 46156, 353111]"
"1210136";"[334401]";"[276704, 296536, 192138, 82340, 87915, 111530, 211207, 360487, 188148, 352258, 369447, 420549, 130221, 59765, 457970, 56782, 402455, 210524, 84321, 274435, 305503, 76196, 357541, 208939, 117438]"
"1212999";"[62805, 378834, 38083]";"[378834, 62805, 137932, 52212, 281480, 443344, 38083, 23250, 49405, 350270, 51483, 232406, 358348, 425758, 132600, 386636, 146797, 439194, 69783, 206241, 60159, 234215, 123995, 302587, 272649]"
"1219375";"[81944]";"[437371, 187934, 301462, 342264, 103156, 450726, 30024, 26634, 324290, 458919, 187992, 249079, 17766, 406543, 50745, 319855, 440912, 216508, 148855, 116481, 334094, 257200, 417059, 412981, 118752]"
"1221828";"[344446]";"[321722, 162375, 357978, 403969, 160272, 100188, 307981, 191640, 398907, 331159, 255908, 374272, 32227, 43831, 244525, 260256, 133332, 257597, 71754, 417594, 58059, 12404, 401682, 99907, 281103]"
"1231193";"[40140]";"[223003, 255614, 214519, 69783, 355707, 49257, 397642, 34853, 93556, 147879, 213423, 161623, 232406, 146797, 386636, 425758, 358348, 132600, 133247, 217278, 360922, 439194, 222285, 263245, 357650]"
"1233140";"[387504]";"[445459, 297931, 387504, 211451, 396281, 131609, 78494, 433543, 34269, 88098, 60330, 197455, 11976, 158514, 348258, 295537, 239774, 240558, 175610, 4067, 169003, 461520, 449118, 225329, 291964]"
"1235292";"[63975]";"[224481, 308438, 266900, 379739, 136471, 360922, 307588, 260257, 114735, 204790, 83103, 270383, 322489, 250942, 29196, 298056, 869, 63975, 113440, 450835, 130709, 58638, 34355, 146735, 158666]"
"1243262";"[260900]";"[75510, 118914, 231482, 257040, 43590, 16158, 241752, 21013, 390689, 358211, 362760, 335913, 105334, 150882, 266085, 150877, 398887, 381265, 357111, 441966, 137454, 307306, 151061, 409655, 49156]"
"1246823";"[211418]";"[134992, 226092, 122435, 206527, 409426, 165169, 73760, 176869, 265326, 132246, 335536, 90910, 211418, 198784, 316010, 75392, 34853, 213785, 19278, 397642, 98425, 93556, 105933, 25025, 330506]"
"1248989";"[43831]";"[284045, 139515, 37254, 141240, 173253, 361777, 145197, 360790, 180009, 143643, 14932, 287467, 177636, 271823, 143418, 165876, 60479, 343151, 218126, 64377, 421884, 99907, 281103, 410587, 260256]"
"1254716";"[120098, 85771, 79801]";"[78494, 396281, 211451, 131609, 387504, 88098, 445459, 297931, 60330, 197455, 390167, 167827, 4067, 240558, 175610, 449118, 225329, 461520, 193518, 188390, 450950, 214617, 173433, 247601, 375955]"
"1255456";"[249079]";"[357978, 417594, 446934, 422561, 361656, 448453, 191640, 398907, 307981, 71754, 403969, 219755, 160272, 133332, 288340, 162375, 321722, 339517, 263501, 254406, 287449, 100188, 331159, 367900, 157217]"
"1256293";"[10572]";"[101156, 445258, 10572, 266965, 125275, 357529, 32581, 171878, 442300, 425159, 218794, 63406, 447067, 124081, 459319, 35608, 422376, 108924, 442721, 13188, 215355, 40630, 213172, 431940, 44329]"
"1258035";"[400946]";"[319680, 434814, 140527, 247909, 103156, 187934, 30024, 450726, 334094, 210087, 123541, 237019, 38965, 348677, 437371, 257200, 324290, 406543, 187992, 458919, 148855, 50745, 249079, 440912, 319855]"
"1262190";"[17478]";"[28072, 101156, 445258, 442300, 266965, 125275, 357529, 171878, 425159, 218794, 108924, 32581, 124081, 35608, 322892, 63406, 447067, 422376, 459319, 442721, 215355, 40630, 213172, 13188, 431940]"
"1265599";"[208939]";"[314124, 447848, 359439, 76060, 444190, 331514, 330035, 121955, 174489, 126307, 98547, 62275, 297765, 400442, 355393, 109116, 151178, 352258, 59765, 211207, 360487, 370395, 84321, 208939, 357541]"
"1266427";"[248605]";"[199018, 220797, 169213, 149382, 77733, 235971, 216556, 253286, 403564, 78729, 428891, 244027, 204494, 294242, 342530, 258148, 325652, 463617, 155485, 161623, 90931, 90487, 289096, 121680, 162745]"
"1266599";"[87513]";"[240248, 346892, 421606, 317816, 9975, 277833, 434289, 127123, 152644, 302569, 218746, 150376, 110720, 170390, 346088, 445351, 259357, 28789, 349318, 132633, 46130, 289103, 122449, 422494, 233132]"
"1267546";"[400859]";"[400859, 170353, 246555, 300536, 303870, 176669, 420549, 463002, 85377, 365758, 446820, 289915, 369447, 396732, 192138, 82340, 373842, 87915, 111530, 352258, 360487, 211207, 358485, 194562, 188148]"
"1272002";"[48030]";"[120990, 408504, 323084, 345694, 280375, 267010, 166100, 53636, 70929, 26284, 161925, 34320, 108021, 385520, 364875, 81434, 281854, 328298, 130226, 458271, 191973, 242521, 123175, 11311, 177695]"
"1273306";"[445105]";"[98899, 176484, 132068, 272969, 220920, 92466, 305588, 213695, 331510, 165337, 430292, 399053, 165267, 154912, 29791, 342777, 138434, 190463, 312717, 418560, 303828, 221614, 131385, 338395, 358565]"
"1277987";"[187138]";"[131118, 300670, 153889, 229928, 260415, 181672, 232172, 18717, 366734, 79801, 172606, 443875, 368360, 50934, 303058, 15358, 187138, 380971, 85771, 287696, 23912, 256146, 192288, 273872, 264297]"
"1279275";"[31098, 141240, 328578]";"[30024, 237019, 334094, 38965, 348677, 26634, 50745, 249079, 216508, 324290, 406543, 319855, 116481, 458919, 17766, 187992, 440912, 148855, 103156, 257200, 437371, 301462, 417059, 434814, 118752]"
"1283922";"[293416]";"[173313, 411858, 279585, 165080, 352788, 103952, 378045, 64011, 137440, 339901, 181365, 242905, 339032, 293416, 453192, 271685, 454818, 192931, 361591, 420943, 408933, 45089, 445447, 305520, 20740]"
"1284340";"[389158]";"[305520, 453192, 378045, 64011, 411858, 173313, 236927, 103952, 352788, 165080, 279585, 271685, 137440, 339901, 181365, 291609, 242905, 293416, 121680, 454818, 76426, 361591, 192931, 20740, 18252]"
"1293358";"[234255, 78494]";"[239564, 76196, 439726, 302242, 226940, 84321, 325256, 187359, 357541, 390199, 208939, 117438, 59765, 281667, 328578, 369447, 150700, 274435, 14671, 63212, 352258, 247356, 192653, 130221, 211207]"
"1297062";"[166100, 465522, 204494, 44465, 312163, 132246, 9877, 360487, 78729]";"[23626, 112047, 414995, 89871, 202825, 331644, 381613, 31058, 162662, 275294, 8259, 98425, 416992, 392655, 76196, 111572, 377635, 239564, 464220, 134108, 453432, 298056, 26900, 90897, 37403]"
"1309591";"[430292]";"[125275, 425159, 171878, 124081, 357529, 35608, 266965, 218794, 215355, 40630, 213172, 28072, 10572, 108924, 442300, 63406, 459319, 447067, 32581, 13188, 101156, 442721, 422376, 461686, 411934]"
"1323154";"[444190]";"[216241, 297765, 353111, 448453, 361656, 367900, 422561, 263501, 287356, 447848, 424245, 236000, 19135, 210279, 466114, 438484, 253500, 228287, 77573, 155485, 78729, 341578, 195809, 326609, 370442]"
"1340188";"[369447]";"[208939, 84321, 357541, 187359, 325256, 117438, 390199, 59765, 226940, 130221, 302242, 369447, 352258, 420549, 59004, 194044, 198209, 84643, 360487, 211207, 111530, 239564, 188148, 360964, 21815]"
"1341202";"[206930]";"[133332, 43831, 244525, 357978, 71754, 417594, 219755, 179784, 346384, 137697, 111122, 254406, 288340, 178537, 422561, 23762, 7943, 361656, 448453, 359109, 338794, 162375, 321722, 400093, 263501]"
"1349681";"[84310]";"[463280, 290999, 29879, 127879, 362340, 46156, 79524, 176162, 247698, 210279, 19135, 466114, 228287, 77573, 353111, 390799, 171814, 303573, 151471, 225028, 444593, 388536, 138834, 424245, 257655]"
"1351796";"[62275]";"[8259, 424506, 244027, 339808, 27494, 265966, 101718, 358482, 446705, 248327, 388673, 235971, 2641, 162139, 85334, 409770, 67154, 404615, 334947, 270938, 169213, 220797, 77733, 149382, 233734]"
"1352334";"[379520]";"[263188, 400673, 119107, 5043, 324833, 98807, 379520, 357583, 139346, 122219, 133907, 71733, 379796, 424421, 254290, 156466, 294424, 288418, 407078, 335331, 453432, 130113, 446590, 337327, 460188]"
"1372364";"[142240]";"[344723, 463331, 109308, 66737, 130865, 56303, 50648, 301843, 16344, 23055, 349470, 106299, 379953, 95933, 178355, 395273, 92814, 153874, 129279, 191203, 246532, 465951, 375332, 168111, 303229]"
"1374597";"[262980]";"[167978, 257308, 49692, 358565, 338395, 220513, 380810, 202825, 414995, 46232, 147879, 342816, 98899, 166306, 220920, 176484, 272969, 132068, 118551, 25865, 435047, 72715, 187602, 307035, 334920]"
"1375515";"[247240, 369158]";"[243171, 309778, 154955, 318333, 143418, 143643, 177636, 287467, 14932, 361777, 180009, 360790, 145197, 271823, 173253, 99907, 421884, 281103, 410587, 343151, 218126, 64377, 369158, 141240, 134108]"
"1376763";"[445351, 213834]";"[457970, 150809, 296536, 108021, 423248, 259243, 271896, 272324, 161925, 408504, 336359, 340794, 377691, 398489, 276704, 216271, 248711, 456005, 15587, 396445, 210524, 97437, 314990, 439726, 116968]"
"1380845";"[367900]";"[22969, 22568, 401765, 153830, 66405, 42874, 28161, 275580, 16370, 104116, 124065, 445105, 267236, 69868, 250019, 394052, 146325, 121595, 176363, 61303, 275625, 435160, 377960, 317192, 276559]"
"1385073";"[259357, 204790, 367514, 9877, 58059, 440066, 234255, 150376]";"[308438, 224481, 114735, 204790, 83103, 34355, 133247, 158666, 298056, 270383, 367726, 121865, 286962, 402462, 96375, 309438, 315309, 214461, 37403, 90897, 26900, 134108, 110403, 192251, 307117]"
"1387650";"[379739]";"[194562, 274051, 415833, 114913, 444363, 446820, 438484, 202983, 444991, 295449, 449559, 1022, 341701, 312163, 85377, 365758, 253615, 238766, 194044, 198209, 84643, 33907, 20918, 35403, 372252]"
"1398978";"[49405]";"[212171, 259647, 192003, 211975, 185082, 93829, 222772, 307733, 297145, 378834, 278380, 137932, 52212, 281480, 443344, 23250, 49405, 350270, 51483, 60159, 272649, 234215, 123995, 232406, 132600]"
"1403769";"[312728]";"[282064, 315543, 16813, 58059, 12404, 257597, 401682, 221329, 316472, 439963, 282385, 34220, 114070, 419761, 374272, 22436, 258901, 283115, 440212, 128296, 150547, 280342, 266439, 230842, 253156]"
